Priority, Burst Time, Waiting Time, Turnaround Time
0, 50, 912.0, 962.0
0, 50, 916.0, 966.0
0, 50, 921.0, 971.0
0, 50, 987.6666666666666, 1037.6666666666665
0, 50, 1057.6666666666665, 1107.6666666666665

1, 50, 150, 200
1, 50, 320, 370
1, 50, 480, 530
1, 50, 720, 770
1, 50, 880, 930

2, 50, 170, 220
2, 50, 340, 390
2, 50, 500, 550
2, 50, 740, 790
2, 50, 900, 950

3, 50, 190, 240
3, 50, 360, 410
3, 50, 520, 570
3, 50, 760, 810
3, 50, 920, 970
